<?xml version="1.0" encoding="utf-8"?>
<modification>
  <name>Installer Fix Allow All directories</name>
  <code>installerfixallowalldirectories</code>
  <version>1.0</version>
  <author>GGW support@ggwshop.com</author>
  <link><![CDATA[https://www.opencart.com/index.php?route=marketplace/extension&filter_member=gogoweb]]></link>

  <file path="admin/controller/marketplace/install.php">
	<operation>
      <search>
        <![CDATA[if ($safe) {]]>
      </search>
      <add position="before">
        <![CDATA[		
		$safe = true;
		]]>
      </add>
    </operation>
    
    
    	<operation>
      <search>
        <![CDATA[if (is_dir($file) && !is_dir($path)) {]]>
      </search>
      <add position="before">
        <![CDATA[		
						if ($path == '') {
							// Get the ROOT
							$app_root = explode('/',DIR_APPLICATION);
							unset($app_root[count($app_root)-2]);
							$app_root = implode('/',$app_root);
							
							//FIX this shit!
							$path = $app_root . $destination;

						}

		]]>
      </add>
    </operation>
  </file> 
</modification>
